{"cameraMode":{"drawMode":0,"name":"Shaded","section":"Shading Mode"},"sceneLighting":true,"audioPlay":false,"sceneViewState":{"showFog":true,"showMaterialUpdate":true,"showSkybox":true,"showFlares":true,"showImageEffects":true,"showParticleSystems":true},"in2DMode":false,"pivot":{"x":-27.512338638305665,"y":-6.304014205932617,"z":18.548465728759767},"rotation":{"x":0.23879116773605348,"y":-0.36252596974372866,"z":0.11627000570297241,"w":0.894724428653717},"size":82.58377075195313,"orthographic":false}