{"cameraMode":{"drawMode":0,"name":"Shaded","section":"Shading Mode"},"sceneLighting":true,"audioPlay":false,"sceneViewState":{"showFog":true,"showMaterialUpdate":true,"showSkybox":true,"showFlares":true,"showImageEffects":true,"showParticleSystems":true},"in2DMode":false,"pivot":{"x":3.2666773796081545,"y":-1.0706844329833985,"z":2.4671883583068849},"rotation":{"x":0.3989485502243042,"y":0.3298516571521759,"z":-0.13991746306419373,"w":0.84522545337677},"size":9.140746116638184,"orthographic":false}