{"cameraMode":{"drawMode":0,"name":"Shaded","section":"Shading Mode"},"sceneLighting":true,"audioPlay":false,"sceneViewState":{"showFog":true,"showMaterialUpdate":true,"showSkybox":true,"showFlares":true,"showImageEffects":true,"showParticleSystems":true},"in2DMode":false,"pivot":{"x":1.3652148246765137,"y":0.47536182403564455,"z":1.1804323196411133},"rotation":{"x":-0.09347604215145111,"y":-0.9068423509597778,"z":0.2631106376647949,"w":-0.31661108136177065},"size":8.588042259216309,"orthographic":false}