{"cameraMode":{"drawMode":0,"name":"Shaded","section":"Shading Mode"},"sceneLighting":true,"audioPlay":false,"sceneViewState":{"showFog":true,"showMaterialUpdate":true,"showSkybox":true,"showFlares":true,"showImageEffects":true,"showParticleSystems":true},"in2DMode":false,"pivot":{"x":-11.920632362365723,"y":11.385438919067383,"z":12.900923728942871},"rotation":{"x":-0.1650475710630417,"y":0.8153175711631775,"z":-0.2805339992046356,"w":-0.47901424765586855},"size":21.231027603149415,"orthographic":false}