{"cameraMode":{"drawMode":0,"name":"Shaded","section":"Shading Mode"},"sceneLighting":true,"audioPlay":false,"sceneViewState":{"showFog":true,"showMaterialUpdate":true,"showSkybox":true,"showFlares":true,"showImageEffects":true,"showParticleSystems":true},"in2DMode":false,"pivot":{"x":-0.012200206518173218,"y":1.5325740575790406,"z":2.250758171081543},"rotation":{"x":-0.055674757808446887,"y":0.9324601292610169,"z":-0.16238808631896974,"w":-0.3183056116104126},"size":1.114717960357666,"orthographic":false}