{"cameraMode":{"drawMode":0,"name":"Shaded","section":"Shading Mode"},"sceneLighting":true,"audioPlay":false,"sceneViewState":{"showFog":true,"showMaterialUpdate":true,"showSkybox":true,"showFlares":true,"showImageEffects":true,"showParticleSystems":true},"in2DMode":false,"pivot":{"x":-15.319021224975586,"y":1.7184066772460938,"z":17.24658966064453},"rotation":{"x":0.04499526694417,"y":0.9540141820907593,"z":-0.23789773881435395,"w":0.1778239607810974},"size":43.57304000854492,"orthographic":false}