{"cameraMode":{"drawMode":0,"name":"Shaded","section":"Shading Mode"},"sceneLighting":true,"audioPlay":false,"sceneViewState":{"showFog":true,"showMaterialUpdate":true,"showSkybox":true,"showFlares":true,"showImageEffects":true,"showParticleSystems":true},"in2DMode":false,"pivot":{"x":-57.331993103027347,"y":-57.440338134765628,"z":19.358623504638673},"rotation":{"x":0.3054622709751129,"y":-0.5380979776382446,"z":0.2169911414384842,"w":0.7552334666252136},"size":90.90360260009766,"orthographic":false}