{"cameraMode":{"drawMode":0,"name":"Shaded","section":"Shading Mode"},"sceneLighting":false,"audioPlay":false,"sceneViewState":{"showFog":false,"showMaterialUpdate":false,"showSkybox":false,"showFlares":false,"showImageEffects":false,"showParticleSystems":false},"in2DMode":false,"pivot":{"x":-34.9621467590332,"y":11.04008674621582,"z":20.217182159423829},"rotation":{"x":-0.18930299580097199,"y":-0.7393144369125366,"z":0.23179735243320466,"w":-0.6033951640129089},"size":10.25092601776123,"orthographic":false}