{"cameraMode":{"drawMode":0,"name":"Shaded","section":"Shading Mode"},"sceneLighting":true,"audioPlay":false,"sceneViewState":{"showFog":true,"showMaterialUpdate":true,"showSkybox":true,"showFlares":true,"showImageEffects":true,"showParticleSystems":true},"in2DMode":false,"pivot":{"x":2.4131836891174318,"y":0.5295335054397583,"z":0.27718544006347659},"rotation":{"x":-0.06806688010692597,"y":-0.9205623269081116,"z":0.157239630818367,"w":-0.3535957634449005},"size":3.62252140045166,"orthographic":false}