{"cameraMode":{"drawMode":0,"name":"Shaded","section":"Shading Mode"},"sceneLighting":true,"audioPlay":false,"sceneViewState":{"showFog":true,"showMaterialUpdate":true,"showSkybox":true,"showFlares":true,"showImageEffects":true,"showParticleSystems":true},"in2DMode":false,"pivot":{"x":-23.36590003967285,"y":4.123608589172363,"z":20.800769805908204},"rotation":{"x":0.12845379114151,"y":0.6790646910667419,"z":-0.1217644214630127,"w":0.7126895785331726},"size":22.01658058166504,"orthographic":false}