{"cameraMode":{"drawMode":0,"name":"Shaded","section":"Shading Mode"},"sceneLighting":true,"audioPlay":false,"sceneViewState":{"showFog":true,"showMaterialUpdate":true,"showSkybox":true,"showFlares":true,"showImageEffects":true,"showParticleSystems":true},"in2DMode":false,"pivot":{"x":1.985358476638794,"y":-0.21030569076538087,"z":0.7162067890167236},"rotation":{"x":-0.3106185793876648,"y":-0.680872917175293,"z":0.3846767246723175,"w":-0.5412086248397827},"size":7.4199981689453129,"orthographic":false}