{"cameraMode":{"drawMode":0,"name":"Shaded","section":"Shading Mode"},"sceneLighting":false,"audioPlay":false,"sceneViewState":{"showFog":false,"showMaterialUpdate":false,"showSkybox":false,"showFlares":false,"showImageEffects":false,"showParticleSystems":false},"in2DMode":false,"pivot":{"x":-2.5847127437591554,"y":1.7548041343688965,"z":0.5539082884788513},"rotation":{"x":-0.051042813807725909,"y":-0.9324018359184265,"z":0.1445654332637787,"w":-0.32773903012275698},"size":8.899868965148926,"orthographic":false}