{"cameraMode":{"drawMode":0,"name":"Shaded","section":"Shading Mode"},"sceneLighting":false,"audioPlay":false,"sceneViewState":{"showFog":false,"showMaterialUpdate":false,"showSkybox":false,"showFlares":false,"showImageEffects":false,"showParticleSystems":false},"in2DMode":false,"pivot":{"x":-35.475555419921878,"y":3.8311617374420168,"z":8.359407424926758},"rotation":{"x":0.0007748245261609554,"y":0.6243602633476257,"z":-0.0004658253747038543,"w":0.781359851360321},"size":17.79792022705078,"orthographic":false}