{"cameraMode":{"drawMode":0,"name":"Shaded","section":"Shading Mode"},"sceneLighting":true,"audioPlay":false,"sceneViewState":{"showFog":true,"showMaterialUpdate":true,"showSkybox":true,"showFlares":true,"showImageEffects":true,"showParticleSystems":true},"in2DMode":false,"pivot":{"x":-38.687400817871097,"y":-62.7041015625,"z":16.127525329589845},"rotation":{"x":-0.39039307832717898,"y":0.49077296257019045,"z":-0.28438258171081545,"w":-0.7264870405197144},"size":80.42510223388672,"orthographic":false}