{"cameraMode":{"drawMode":0,"name":"Shaded","section":"Shading Mode"},"sceneLighting":true,"audioPlay":false,"sceneViewState":{"showFog":true,"showMaterialUpdate":true,"showSkybox":true,"showFlares":true,"showImageEffects":true,"showParticleSystems":true},"in2DMode":false,"pivot":{"x":1.0880694389343262,"y":-7.630691051483154,"z":0.9570286273956299},"rotation":{"x":0.6646630167961121,"y":-0.00845923088490963,"z":0.027441198006272317,"w":0.7479119300842285},"size":13.496644020080567,"orthographic":false}