{"cameraMode":{"drawMode":0,"name":"Shaded","section":"Shading Mode"},"sceneLighting":true,"audioPlay":false,"sceneViewState":{"showFog":true,"showMaterialUpdate":true,"showSkybox":true,"showFlares":true,"showImageEffects":true,"showParticleSystems":true},"in2DMode":false,"pivot":{"x":-0.347683846950531,"y":1.8682301044464112,"z":0.11659693717956543},"rotation":{"x":0.02904537506401539,"y":-0.9223389029502869,"z":0.3747396469116211,"w":0.09843545407056809},"size":4.356202602386475,"orthographic":false}