{"cameraMode":{"drawMode":0,"name":"Shaded","section":"Shading Mode"},"sceneLighting":false,"audioPlay":false,"sceneViewState":{"showFog":false,"showMaterialUpdate":false,"showSkybox":false,"showFlares":false,"showImageEffects":false,"showParticleSystems":false},"in2DMode":false,"pivot":{"x":-24.516773223876954,"y":6.330045223236084,"z":4.623806953430176},"rotation":{"x":-0.1236235722899437,"y":-0.6546801924705505,"z":0.10951483249664307,"w":-0.7378023266792297},"size":6.013092517852783,"orthographic":false}