{"cameraMode":{"drawMode":0,"name":"Shaded","section":"Shading Mode"},"sceneLighting":true,"audioPlay":false,"sceneViewState":{"showFog":true,"showMaterialUpdate":true,"showSkybox":true,"showFlares":true,"showImageEffects":true,"showParticleSystems":true},"in2DMode":false,"pivot":{"x":3.1753735542297365,"y":1.559910774230957,"z":2.3808202743530275},"rotation":{"x":0.35463014245033266,"y":-0.12455788999795914,"z":0.06735333800315857,"w":0.925537645816803},"size":4.366933345794678,"orthographic":false}