{"cameraMode":{"drawMode":0,"name":"Shaded","section":"Shading Mode"},"sceneLighting":true,"audioPlay":false,"sceneViewState":{"showFog":true,"showMaterialUpdate":true,"showSkybox":true,"showFlares":true,"showImageEffects":true,"showParticleSystems":true},"in2DMode":false,"pivot":{"x":0.9423677921295166,"y":-0.16283464431762696,"z":-1.3526666164398194},"rotation":{"x":-0.08593635261058808,"y":0.9015385508537293,"z":-0.3386732041835785,"w":-0.259441614151001},"size":6.712491989135742,"orthographic":false}