{"cameraMode":{"drawMode":0,"name":"Shaded","section":"Shading Mode"},"sceneLighting":true,"audioPlay":false,"sceneViewState":{"showFog":true,"showMaterialUpdate":true,"showSkybox":true,"showFlares":true,"showImageEffects":true,"showParticleSystems":true},"in2DMode":false,"pivot":{"x":-0.19036906957626344,"y":0.8531257510185242,"z":-1.509872317314148},"rotation":{"x":0.048464301973581317,"y":-0.930303692817688,"z":0.3089424967765808,"w":0.19669859111309052},"size":1.520693063735962,"orthographic":false}