{"cameraMode":{"drawMode":0,"name":"Shaded","section":"Shading Mode"},"sceneLighting":true,"audioPlay":false,"sceneViewState":{"showFog":true,"showMaterialUpdate":true,"showSkybox":true,"showFlares":true,"showImageEffects":true,"showParticleSystems":true},"in2DMode":false,"pivot":{"x":-0.2866918444633484,"y":1.1971420049667359,"z":-1.474351167678833},"rotation":{"x":-0.017941296100616456,"y":0.972384512424469,"z":-0.20004744827747346,"w":-0.1263912320137024},"size":3.1909282207489015,"orthographic":false}