{"cameraMode":{"drawMode":0,"name":"Shaded","section":"Shading Mode"},"sceneLighting":true,"audioPlay":false,"sceneViewState":{"showFog":true,"showMaterialUpdate":true,"showSkybox":true,"showFlares":true,"showImageEffects":true,"showParticleSystems":true},"in2DMode":false,"pivot":{"x":-3.7689361572265627,"y":0.6173993349075317,"z":-0.596257746219635},"rotation":{"x":0.07948947697877884,"y":-0.7419238090515137,"z":0.10673891752958298,"w":0.6585214734077454},"size":4.969803810119629,"orthographic":false}