{"cameraMode":{"drawMode":0,"name":"Shaded","section":"Shading Mode"},"sceneLighting":false,"audioPlay":false,"sceneViewState":{"showFog":false,"showMaterialUpdate":false,"showSkybox":false,"showFlares":false,"showImageEffects":false,"showParticleSystems":false},"in2DMode":false,"pivot":{"x":-26.123987197875978,"y":4.250643253326416,"z":6.15006160736084},"rotation":{"x":-0.06567037850618363,"y":-0.7410182952880859,"z":0.07308419793844223,"w":-0.664517879486084},"size":17.79792022705078,"orthographic":false}