{"cameraMode":{"drawMode":0,"name":"Shaded","section":"Shading Mode"},"sceneLighting":true,"audioPlay":false,"sceneViewState":{"showFog":true,"showMaterialUpdate":true,"showSkybox":true,"showFlares":true,"showImageEffects":true,"showParticleSystems":true},"in2DMode":false,"pivot":{"x":-0.6179802417755127,"y":1.0257728099822999,"z":-0.18117892742156983},"rotation":{"x":-0.07464245706796646,"y":-0.8678895235061646,"z":0.48252570629119875,"w":-0.10156111419200897},"size":6.545969486236572,"orthographic":false}