{"cameraMode":{"drawMode":0,"name":"Shaded","section":"Shading Mode"},"sceneLighting":true,"audioPlay":false,"sceneViewState":{"showFog":true,"showMaterialUpdate":true,"showSkybox":true,"showFlares":true,"showImageEffects":true,"showParticleSystems":true},"in2DMode":false,"pivot":{"x":0.3813362419605255,"y":1.100154161453247,"z":-3.4451467990875246},"rotation":{"x":0.015079140663146973,"y":0.983316957950592,"z":-0.03474201261997223,"w":0.18300743401050569},"size":2.7225215435028078,"orthographic":false}