{"cameraMode":{"drawMode":0,"name":"Shaded","section":"Shading Mode"},"sceneLighting":true,"audioPlay":false,"sceneViewState":{"showFog":true,"showMaterialUpdate":true,"showSkybox":true,"showFlares":true,"showImageEffects":true,"showParticleSystems":true},"in2DMode":false,"pivot":{"x":1.016292691230774,"y":0.3117966651916504,"z":2.95438289642334},"rotation":{"x":0.3825364112854004,"y":-0.006998700555413961,"z":0.017997262999415399,"w":0.9248171448707581},"size":6.272210121154785,"orthographic":false}