{"cameraMode":{"drawMode":0,"name":"Shaded","section":"Shading Mode"},"sceneLighting":true,"audioPlay":false,"sceneViewState":{"showFog":true,"showMaterialUpdate":true,"showSkybox":true,"showFlares":true,"showImageEffects":true,"showParticleSystems":true},"in2DMode":false,"pivot":{"x":-0.24947589635849,"y":1.642629623413086,"z":-0.7207651138305664},"rotation":{"x":0.007838690653443337,"y":-0.9807146191596985,"z":0.14183950424194337,"w":0.14083871245384217},"size":0.575820803642273,"orthographic":false}